{
    "000-Favelas": {
        "x": 4475.311240440438,
        "y": 18393.621815279188,
        "z": -2841.025386369993
    },
    "001-Pipe maze": {
        "x": 2030.1103394366082,
        "y": 7025.945986496086,
        "z": 2994.103650240494
    },
    "002-Bed train station": {
        "x": 3454.2792573198644,
        "y": 17940.355215004573,
        "z": 8697.73655753579
    },
    "004-Railroad start": {
        "x": 4514.873664064451,
        "y": 10090.06002670562,
        "z": 9301.672007054618
    },
    "005-Cut rail jump": {
        "x": 2500.0850087262606,
        "y": 7838.057162358267,
        "z": 21968.597815941313
    },
    "006-Pipe run": {
        "x": -1767.3070929416795,
        "y": 16378.541861591606,
        "z": 30117.264605584252
    },
    "007-Cut 4 beds": {
        "x": 2979.057435291116,
        "y": 10516.462348809175,
        "z": 34809.63443776518
    },
    "008-Electric": {
        "x": 892.1302389303362,
        "y": 5252.25091740397,
        "z": 43348.62942453044
    },
    "009-Cimeterie island": {
        "x": 1065.1943713422754,
        "y": 5149.911421499116,
        "z": 45481.64361019632
    },
    "010-Subway": {
        "x": 2543.11770650195,
        "y": 18010.86085835274,
        "z": 48138.72510632719
    },
    "011-Drone Eolien": {
        "x": -2198.967776306575,
        "y": 11295.313982393522,
        "z": 50514.72828894758
    },
    "012-Top Eolien": {
        "x": -896.4902354911751,
        "y": 5814.6075749010115,
        "z": 60248.71474835643
    },
    "013-Cut bus stop bed": {
        "x": -323.9390974664409,
        "y": 12207.777825476298,
        "z": 61662.57969689371
    },
    "014-Bed to broken road": {
        "x": 76.06415128367554,
        "y": 9904.7815875253,
        "z": 68389.88206254748
    },
    "015-Cut to fountain place": {
        "x": 3211.210780010065,
        "y": 19860.875297698083,
        "z": 86477.08199792834
    },
    "016-Cut to flying road": {
        "x": -3553.174716923384,
        "y": 14906.409560808983,
        "z": 86990.59263598068
    },
    "017-Room": {
        "x": 2503.860859573333,
        "y": 12409.36172703684,
        "z": 93317.85380283429
    },
    "018-Top safebox": {
        "x": 1803.8974160338992,
        "y": 8890.12384198071,
        "z": 94569.3151453775
    },
    "019-Gold barre": {
        "x": 566.8387902426124,
        "y": 7779.166345149229,
        "z": 94400.35687315032
    },
    "021-Podium first time": {
        "x": 2754.6648839360537,
        "y": 6867.425293458676,
        "z": 104770.42119016961
    },
    "022-Heaven": {
        "x": 114.93984916922207,
        "y": 15300.54236148007,
        "z": 138344.89117447528
    },
    "023-Long spine": {
        "x": 1495.0198584814198,
        "y": 10120.945106782669,
        "z": 143440.8956061445
    },
    "024-Rainy zone": {
        "x": 4353.234321166101,
        "y": 15380.088308778153,
        "z": 149266.87619615786
    },
    "025-Jesus": {
        "x": 4982.764108625642,
        "y": 4403.838833048572,
        "z": 156761.9783009283
    },
    "026-Cut bed to candle": {
        "x": -7865.462423826495,
        "y": 22315.830775805138,
        "z": 162309.37188157308
    },
    "027 - Climb jump rng": {
        "x": -2778.868328547966,
        "y": 4281.021275043641,
        "z": 173540.90304625416
    },
    "028 - Cut Tentacle": {
        "x": -2011.5926102715666,
        "y": 4407.216074344351,
        "z": 174190.3882800446
    },
    "029 - Jump Bottle": {
        "x": -10483.204299967274,
        "y": 25487.270336125544,
        "z": 192032.68709750616
    },
    "030 - Canon": {
        "x": -1338.711593958638,
        "y": 9560.60281713495,
        "z": 198622.29446242342
    },
    "031 - Champagne": {
        "x": 1670.1600879746563,
        "y": 9589.764701844506,
        "z": 212044.66638993347
    },
    "032 - bed après le champagne": {
        "x": -1531.2782282013711,
        "y": 2717.4487983025197,
        "z": 233806.9061714596
    },
    "033 - Tunnel avant drake": {
        "x": 1854.7768264028466,
        "y": 23268.490660167376,
        "z": 260367.52461048606
    },
    "034 - Train cut lianes": {
        "x": 2469.3555265266605,
        "y": 12273.145746454857,
        "z": 264635.13848649536
    },
    "035 - Cut Ecouteur": {
        "x": 1130.6787186760046,
        "y": 7339.367855522684,
        "z": 275408.96827749605
    },
    "036 - Cut allemagne": {
        "x": 3412.1881254340733,
        "y": 8057.1670262221105,
        "z": 277828.76375870226
    },
    "037 - Cut PeppaPig": {
        "x": 3434.7904716800017,
        "y": 10105.995904075193,
        "z": 281729.9401255416
    },
    "038 - Train espace": {
        "x": 2219.781833385733,
        "y": 15976.450506761274,
        "z": 283501.2906722324
    },
    "039 - Cut Parabole": {
        "x": 9836.621221830384,
        "y": 12108.880468110976,
        "z": 290156.8974315103
    },
    "040 - Tête de la statue": {
        "x": 503.10401128550654,
        "y": 4571.502812210852,
        "z": 294590.8725612275
    },
    "100-TheEnd": {
        "x": -653.958950527261,
        "y": 15733.4460114144,
        "z": 324116.693569464
    },
    "Mongole": {
        "x": -6607.562905364081,
        "y": 22936.530259367308,
        "z": 98611.37953411159
    }
}
