{
    "000 - Favelas (Start)": {
        "x": 4475.311240440438,
        "y": 18393.621815279188,
        "z": -2841.025386369993
    },
    "010 - Pipe maze": {
        "x": 2030.1103394366082,
        "y": 7025.945986496086,
        "z": 2994.103650240494
    },
    "020 - Bed Train Station": {
        "x": 3454.2792573198644,
        "y": 17940.355215004573,
        "z": 8697.73655753579
    },
    "030 - Rails Start": {
        "x": 4514.873664064451,
        "y": 10090.06002670562,
        "z": 9301.672007054618
    },
    "040 - Cut Rails Jump": {
        "x": 2500.0850087262606,
        "y": 7838.057162358267,
        "z": 21968.597815941313
    },
    "050 - Oil Refinery": {
        "x": -1767.3070929416795,
        "y": 16378.541861591606,
        "z": 30117.264605584252
    },
    "060 - Cut 4 Beds": {
        "x": 2979.057435291116,
        "y": 10516.462348809175,
        "z": 34809.63443776518
    },
    "070 - Factory": {
        "x": 892.1302389303362,
        "y": 5252.25091740397,
        "z": 43348.62942453044
    },
    "080 - Beds Desert": {
        "x": 1065.1943713422754,
        "y": 5149.911421499116,
        "z": 45481.64361019632
    },
    "090 - Subway": {
        "x": 2543.11770650195,
        "y": 18010.86085835274,
        "z": 48138.72510632719
    },
    "100 - Drone": {
        "x": -2198.967776306575,
        "y": 11295.313982393522,
        "z": 50514.72828894758
    },
    "110 - Bed Wind Turbine": {
        "x": -258.7083483505923,
        "y": 6149.642928331691,
        "z": 50480.39431019939
    },
    "120 - Top Wind Turbine": {
        "x": -896.4902354911751,
        "y": 5814.6075749010115,
        "z": 60248.71474835643
    },
    "130 - Bed Bus Stop": {
        "x": -323.9390974664409,
        "y": 12207.777825476298,
        "z": 61662.57969689371
    },
    "140 - Bed to Highway": {
        "x": 76.06415128367554,
        "y": 9904.7815875253,
        "z": 68389.88206254748
    },
    "150 - Cut to Fountain Place": {
        "x": 3211.210780010065,
        "y": 19860.875297698083,
        "z": 86477.08199792834
    },
    "160 - Trampoline Jump": {
        "x": -3553.174716923384,
        "y": 14906.409560808983,
        "z": 86990.59263598068
    },
    "170 - Credit Cards": {
        "x": 2503.860859573333,
        "y": 12409.36172703684,
        "z": 93317.85380283429
    },
    "180 - Jump to Gold Ingot": {
        "x": 1803.8974160338992,
        "y": 8890.12384198071,
        "z": 94569.3151453775
    },
    "190 - Gold Ingot": {
        "x": 566.8387902426124,
        "y": 7779.166345149229,
        "z": 94400.35687315032
    },
    "200 - Hot Air Balloon": {
        "x": -6923.010270570021,
        "y": 22799.144035317786,
        "z": 98672.80441831141
    },
    "210 - Fake Winner": {
        "x": 2754.6648839360537,
        "y": 6867.425293458676,
        "z": 104770.42119016961
    },
    "220 - Heaven": {
        "x": 114.93984916922207,
        "y": 15300.54236148007,
        "z": 138344.89117447528
    },
    "230 - Skeleton Start": {
        "x": 1495.0198584814198,
        "y": 10120.945106782669,
        "z": 143440.8956061445
    },
    "240 - Skeleton End": {
        "x": 4353.234321166101,
        "y": 15380.088308778153,
        "z": 149266.87619615786
    },
    "250 - Jesus": {
        "x": 4982.764108625642,
        "y": 4403.838833048572,
        "z": 156761.9783009283
    },
    "260 - Bed School": {
        "x": -7865.462423826495,
        "y": 22315.830775805138,
        "z": 162309.37188157308
    },
    "270 - Weird Climb Book": {
        "x": -2778.868328547966,
        "y": 4281.021275043641,
        "z": 173540.90304625416
    },
    "280 - Bed Anime Girl": {
        "x": -2011.5926102715666,
        "y": 4407.216074344351,
        "z": 174190.3882800446
    },
    "290 - Voile": {
        "x": -10483.204299967274,
        "y": 25487.270336125544,
        "z": 192032.68709750616
    },
    "300 - Cannon": {
        "x": -1338.711593958638,
        "y": 9560.60281713495,
        "z": 198622.29446242342
    },
    "310 - Champagne Bottle": {
        "x": 1670.1600879746563,
        "y": 9589.764701844506,
        "z": 212044.66638993347
    },
    "320 - Bed to Orca": {
        "x": -1531.2782282013711,
        "y": 2717.4487983025197,
        "z": 233806.9061714596
    },
    "330 - Dragon": {
        "x": 1854.7768264028466,
        "y": 23268.490660167376,
        "z": 260367.52461048606
    },
    "340 - First Vine Cut": {
        "x": 2469.3555265266605,
        "y": 12273.145746454857,
        "z": 264635.13848649536
    },
    "350 - Second Vine Cut": {
        "x": 1130.6787186760046,
        "y": 7339.367855522684,
        "z": 275408.96827749605
    },
    "360 - German Flag": {
        "x": 3412.1881254340733,
        "y": 8057.1670262221105,
        "z": 277828.76375870226
    },
    "370 - Pig and Phones": {
        "x": 3434.7904716800017,
        "y": 10105.995904075193,
        "z": 281729.9401255416
    },
    "380 - Space Start": {
        "x": 2219.781833385733,
        "y": 15976.450506761274,
        "z": 283501.2906722324
    },
    "390 - Ananas": {
        "x": 9836.621221830384,
        "y": 12108.880468110976,
        "z": 290156.8974315103
    },
    "400 - Statue of Liberty": {
        "x": 503.10401128550654,
        "y": 4571.502812210852,
        "z": 294590.8725612275
    },
    "410 - Hut": {
        "x": -2234.0029083085656,
        "y": 8267.519946678342,
        "z": 293798.3128039116
    },
    "420 - Black Hole": {
        "x": 3453.780042562162,
        "y": 13121.930270661713,
        "z": 297273.23820961145
    },
    "999 - Space (End)": {
        "x": -653.958950527261,
        "y": 15733.4460114144,
        "z": 324116.693569464
    }
}
